listing_id,image_url
13333736,https://images.khmer24.co/26-03-25/2016-c-coup-amg-package-full-option-1135023177441669977353776-b.jpg
13795748,https://images.khmer24.co/26-07-21/range-rover-evoque-2016-159617178463601574768023-b.jpg
13715137,https://images.khmer24.co/26-07-01/gn6-pro-8000km--91565178287214431135919-b.jpg
13796045,https://images.khmer24.co/26-07-21/prius-012-option-2-661642178464444287174091-b.jpg
13589502,https://images.khmer24.co/26-05-31/scion04-5400--643870178020890733445138-b.jpg
13763152,https://images.khmer24.co/26-07-13/avatr-12-royal-edition-2026-98066178391554476895791-b.jpg
13803753,https://images.khmer24.co/26-07-23/morning08full--1270072178481852512041947-b.jpg
13567301,https://images.khmer24.co/26-07-24/-plgin-advance-014--49835178483092797475900-b.jpg
13290207,https://images.khmer24.co/26-03-14/lexus-ls460l-2007--131729177350232816844129-b.jpg
13803862,https://images.khmer24.co/26-07-23/tacoma-01-v6-2--199223178482289835068188-b.jpg
13697560,https://images.khmer24.co/26-06-26/alphard-executives-lounge-2018-98066178245703229471885-b.jpg
13807663,https://images.khmer24.co/26-07-24/-lexus-rx300-2001-2-11500-0966074444-416714178490603422578999-b.jpg
13790669,https://images.khmer24.co/26-07-20/-mg-rx5-2020-195974178453544461841047-b.jpg
13799118,https://images.khmer24.co/26-07-22/2018-lexus-nx300-f-sport-full-option-245403178470992151704445-b.jpg
13759750,https://images.khmer24.co/26-07-12/-camry-1997--663166178382927458883622-b.jpg
13747561,https://images.khmer24.co/26-07-09/land-gr-s-v6-2022--1271085178356890336095249-e.jpg
13690563,https://images.khmer24.co/26-06-24/--702969178230356080256226-c.jpg
13628960,https://images.khmer24.co/26-06-10/--499186178105354959773576-b.jpg
13352941,https://images.khmer24.co/26-03-30/ford-ranger-wildtrak-2022-42-300-545385177485971673178715-b.jpg
13218946,https://images.khmer24.co/26-05-23/ford-f-150-raptor-2021-full-opinion--38770177952159121842353-b.jpg
13809070,https://images.khmer24.co/26-07-25/--1313686178495394862585516-b.jpg
13799606,https://images.khmer24.co/26-07-25/tacoma-06-2--199223178497066920680779-b.jpg
13793654,https://images.khmer24.co/26-07-21/prius-012-option-3-15600--634049178460618617195656-b.jpg
13792349,https://images.khmer24.co/26-07-21/toyota-land-cruiser-2014-v6-arab-777161178459551579048355-b.jpg
13787190,https://www.khmer24.com/icon/share-default-image.jpg
13764966,https://images.khmer24.co/26-07-04/toyota-prius-2013-op3--122141178316239375961692-e.jpg
13763369,https://images.khmer24.co/26-07-13/rr-sport-2011-hse-324113178391844486726671-c.jpg
13759399,https://images.khmer24.co/26-07-12/--122365178382454179226487-b.jpg
13269350,https://images.khmer24.co/26-03-09/2018-range-rover-sport-v6-full-option-409218177306325525603150-b.jpg
13811777,https://images.khmer24.co/26-07-26/jeep-wrangler-rubicon-2020-50-000km-131729178503383183703086-b.jpg
13273721,https://images.khmer24.co/26-03-10/kiamoning-06-full-option-615675177315323437934248-b.jpg
13747303,https://images.khmer24.co/26-07-09/02-p-1-v-6-346856178356580820872713-b.jpg
13773197,https://images.khmer24.co/26-07-15/landcruiser-2013-v6--797639178411051315457883-b.jpg
13509854,https://images.khmer24.co/26-05-12/ford-wildtrak-023--175953177859295415571568-c.jpg
13497409,https://images.khmer24.co/26-07-20/alphard-018-v6-executive-lounge--35156178454517225140412-b.jpg
13346191,https://images.khmer24.co/26-03-28/toyota-prado-diesel-vxl-for-sale-104065177468446285711799-b.jpg
13723926,https://images.khmer24.co/26-07-03/camery-le-2002-1302890178305110924792741-b.jpg
13769348,https://images.khmer24.co/26-07-14/kia-ray-2015--1291319178402350745146366-b.jpg
13534823,https://images.khmer24.co/26-05-18/deepal-s05-566269177909451570218033-b.jpg
13753452,https://images.khmer24.co/26-07-10/mg-marvel-r-1040445178367425027250103-b.jpg
13772425,https://images.khmer24.co/26-07-15/-ud83d-udc49deepal-so5-2026-full-option-ultra-1228123178410099098427017-b.jpg
13661008,https://images.khmer24.co/26-06-30/toyota-bz3x-025-520km-1249350178278832936505533-b.jpg
13812115,https://images.khmer24.co/26-07-26/-ud83d-udda4toyota-bz3x-026-full-option-range-520km--1228123178503875171159764-b.jpg
13768999,https://images.khmer24.co/26-07-14/-4-2025-honda-enp2-advance-advance-1280029178401838667371900-b.jpg
13795381,https://images.khmer24.co/26-07-21/gac-aion-i60-650-advanced-edition-1122826178462703785572765-b.jpg
13788156,https://images.khmer24.co/26-05-29/tesla-model-3-dual-motor-performance-2-awd-1092710178003264583752826-b.jpg
13669621,https://images.khmer24.co/26-06-19/mini-cooper-john-works-electric-2025-new-98--371744178187956224757119-b.jpg
13682685,https://images.khmer24.co/26-06-23/-ud83d-udc49byd-seagull-14300--1228123178218447324076981-b.jpg
13791061,https://images.khmer24.co/26-07-20/ens2-1264791178454064976204804-b.jpg
13523769,https://images.khmer24.co/26-05-16/qiyuan-a06-630km-ultra-1157157177890000546176426-b.jpg
13744819,https://images.khmer24.co/26-07-08/-18-900-ud83e-udd70-l7-518-dongfeng-l7-ev-518km-1308481178350021774767482-b.jpg
13564754,https://images.khmer24.co/26-05-25/avatr-11-special-edition-15488177969638988352674-b.jpg
13780979,https://images.khmer24.co/26-07-17/lexus-nx200t-f-sport-2-1119984178428875155253830-b.jpg
13791703,https://images.khmer24.co/26-07-20/-macerdes-benz-c300-couper-2017-telegram-077-666140-1311690178455553186501458-b.jpg
13466891,https://images.khmer24.co/26-01-27/bmw-435i-convertible-2015-up-to-m4--521599176952062482326575-b.jpg
13495739,https://images.khmer24.co/26-05-09/porsche-cayenne-s-hybrid-2011-1290739177829968956917829-b.jpg
13802569,https://images.khmer24.co/26-07-23/bmw-ix3-2023-facelift-pioneer-edition-1122826178479270048332302-b.jpg
13688622,https://images.khmer24.co/26-02-21/mercedes-amg-gts-2016-1231247177164346451563397-b.jpg
13756522,https://images.khmer24.co/26-07-11/toyota-prius2007--1144778178374675084508100-b.jpg
13733961,https://images.khmer24.co/26-07-06/lexus-rx300-02--801133178330333072783586-b.jpg
13701199,https://images.khmer24.co/26-06-27/honda-h-starex-white-2024--551019178253559731931817-b.jpg
13583824,https://images.khmer24.co/26-05-29/ford-ranger-sport-3-0l-48-900-6--295167178006638412605334-b.jpg
13573543,https://images.khmer24.co/26-05-27/kia-ray-2016-fulloption--1293104177986779566726760-b.jpg
13680054,https://images.khmer24.co/26-06-22/mazda-eplipse-2018-full-bt-50-93058178211844488827807-b.jpg
13605676,https://images.khmer24.co/26-06-04/hyundai-staria-lounge-1278569178054689755564095-b.jpg
13446995,https://images.khmer24.co/26-04-27/nissan-zna-z9-37-900-ud83d-ude0d-ud83d-udca5-1115140177725566257462858-b.jpg
13615616,https://images.khmer24.co/26-06-06/selling-my-own-suv-that-i-039-m-not-using-1028724178073978168051149-b.jpg
13639541,https://images.khmer24.co/26-02-11/chery-pickup-truck-1266745177079020417520632-b.jpg
13756222,https://images.khmer24.co/26-07-11/highlander04-1-3--1277757178374481170819151-b.jpg
13207042,https://images.khmer24.co/26-02-21/2013-hybrid-grade-a--504031177167887481496836-b.jpg
13678683,https://images.khmer24.co/26-06-22/byd-e3-2022-401km-leading-edition-ev-sedan-good-condition-ud83d-ude97-u26a1-1288633178210288825154677-b.jpg
13729051,https://images.khmer24.co/26-07-04/mazda-2-hatchback-2020-1--403955178315429664330746-b.jpg
13587325,https://images.khmer24.co/26-05-30/model-toyota-alphard-mpv-minivan-192176178014244926844890-b.jpg
13777483,https://images.khmer24.co/26-07-16/byd-yuan-plus-option-max-1185858178421013781861802-b.jpg
13809866,https://images.khmer24.co/26-07-25/lexus-nx200t-f-sports-2017-5-3-2-ud83c-udf52-419007178496428228790288-b.jpg
13683098,https://images.khmer24.co/26-06-23/bmw-g87-coupe-2024-1193843178218785316275362-b.jpg
13770985,https://images.khmer24.co/26-07-15/-convertible-sport-car-bmw-z4-for-445315178408362233543166-b.jpg
13724770,https://images.khmer24.co/26-07-03/porsche-panamera-2-9-awd-2023-1041951178306078769653270-b.jpg
13692243,https://images.khmer24.co/26-06-25/bmw-x4-2015--498313178235754629562336-b.jpg
13479322,https://images.khmer24.co/26-05-05/mercedes-amg-gts-full-carbon-2016-1282785177796204649201104-b.jpg
13497382,https://images.khmer24.co/26-05-09/toyota-737991177832308053840820-b.jpg
13556803,https://images.khmer24.co/26-05-23/lexus-300-1-00-mc-11900-701239177951765152706480-b.jpg
13559197,https://images.khmer24.co/26-05-24/-honda-cr-v-03-abs--557534177959087339708389-b.jpg
13756063,https://images.khmer24.co/26-07-11/ford-eco-spaort-021-full-zin-234730178374299025350715-b.jpg
13637347,https://images.khmer24.co/26-06-13/-ud83d-udd25-kia-carnival-2016-high-option-22-500-ud83d-udd25-1211093178132697011939742-b.jpg
13764129,https://images.khmer24.co/26-07-13/mazda-2020-3-2l-570612178392761768336387-b.jpg
13543470,https://images.khmer24.co/26-05-20/hyundai-staria-lounge-914237177926017576981314-b.jpg
13785425,https://images.khmer24.co/26-05-11/nissan-frontier-02-60--689165177847420964819437-b.jpg
13387850,https://images.khmer24.co/26-04-08/lexus-nx200t-suv-1152665177561959761593004-b.jpg
13731786,https://images.khmer24.co/26-07-05/-u263a-ufe0f-nissan-pickup-1993-1-6000--546948178323290960323767-b.jpg
13652885,https://images.khmer24.co/26-06-15/--387053178153265657099650-b.jpg
13525255,https://images.khmer24.co/26-05-16/-013-plugin-hybrid-482945177891922651953801-b.jpg
13342873,https://images.khmer24.co/26-03-27/2015-mercedes-maybach-s400-luxury-sedan-826670177459987978392737-b.jpg
13613257,https://images.khmer24.co/26-06-06/toyota-yaris-hatchback-for-sale-436268178070731257614388-b.jpg
13734601,https://images.khmer24.co/26-07-06/stargazer-2026-mpv-7--477448178330911662580248-b.jpg
13603328,https://images.khmer24.co/26-06-03/byd-qin-l-472974178048547667251117-b.jpg
13701698,https://images.khmer24.co/26-06-27/lexus-nx-200t-f-sport-2015-1301329178254232412693410-b.jpg
13618515,https://images.khmer24.co/26-06-07/mercedes-c-coupe-2016-up-2023-679803178081723149643302-b.jpg
13798870,https://images.khmer24.co/26-07-22/mercedes-benz-c300-convertible-1156332178470704033391037-b.jpg
13740886,https://images.khmer24.co/26-07-07/porsche-gt3-rs-2016-1041951178341689442398090-b.jpg
13586281,https://images.khmer24.co/26-05-30/bmw-x4-19800--748683178012446266569633-b.jpg
13453340,https://images.khmer24.co/25-10-17/mercedes-amg-gt-black-series-236261176067080570006386-b.jpg
13340806,https://images.khmer24.co/26-03-27/toyota-prius-deluxe-solar-year-2014-753348177457434066286782-b.jpg
13747778,https://images.khmer24.co/26-07-09/lexus-rx330-p1-25--431031178357089038379480-b.jpg
13740572,https://images.khmer24.co/26-07-12/honda-ens2-ev-2025-1134205178383243945586919-b.jpg
13583364,https://images.khmer24.co/26-05-29/ford-ranger-sport-2-0l-4--295167178005382368822594-b.jpg
13738123,https://images.khmer24.co/26-07-07/kia-ray-2014-9000--920186178338620629366436-b.jpg
13761696,https://images.khmer24.co/26-07-12/mazda-bt50pro-2015--382560178386445841368626-b.jpg
13753416,https://images.khmer24.co/25-11-24/hyundai-palisade-calligraphy-2026-152261176395778926139482-b.jpg
13791922,https://images.khmer24.co/26-07-20/-nissan-frontier-289027178456101534636803-b.jpg
13801684,https://images.khmer24.co/26-07-23/gelly-m9-suv-6--638835178478051484781336-b.jpg
13712092,https://images.khmer24.co/26-06-30/best-pickup--1095006178279410123113339-b.jpg
13635474,https://images.khmer24.co/26-06-11/--1101050178116081261686771-b.jpg
13207115,https://images.khmer24.co/26-02-21/alphard-2018-hybrid-full-option--504031177168076433828915-b.jpg
13646359,https://images.khmer24.co/26-06-14/ford-fiesta-sedan-2015-284337178140913116133216-b.jpg
13799011,https://images.khmer24.co/26-07-22/mazda-2-2017-full-option-hatchback-13500--776974178470855296327028-b.jpg
13627075,https://images.khmer24.co/26-06-10/gac-m6pro-2026-mpv-7-seat-1249350178108143117025535-b.jpg
13679904,https://images.khmer24.co/26-06-22/-byd-seagull-range-300km--1228122178211622553291414-b.jpg
13793534,https://images.khmer24.co/26-07-21/lexus-nx-200t-2015-f-sport-3-4-31000--729148178460545393363945-b.jpg
13735348,https://images.khmer24.co/26-04-27/bmw-g42-m240i-xdrive-coupe-2024-1193843177727702531264905-b.jpg
13797477,https://images.khmer24.co/26-07-22/2021-lexus-lc500-convertible-v8-5-0l-129999--497104178469064824225265-b.jpg
13523174,https://images.khmer24.co/25-03-26/porsche-panamera-4s-executive-lounge-686489174297899993178222-b.jpg
13493570,https://images.khmer24.co/25-06-20/bmw-ev-1120153175042492625633009-b.jpg
13796015,https://images.khmer24.co/26-07-21/mercedes-cla45-amg-edition-405035178464342820750431-b.jpg
13597221,https://images.khmer24.co/26-06-02/toyota-prius-2008-full-option-515050178037753660333162-b.jpg
13455264,https://images.khmer24.co/26-04-29/lexus-rx-300-2002-1--363438177742776059862951-b.jpg
13474852,https://images.khmer24.co/26-05-04/honda-enp2--1289249177786882543827277-b.jpg
13658212,https://images.khmer24.co/26-06-17/ford-wildtrack-2019-1107099178166450258053431-b.jpg
13610819,https://images.khmer24.co/26-06-05/-ud83d-ude97-kia-carnival-sedona-ud83d-ude97-1294172178064152711808143-b.jpg
13776372,https://images.khmer24.co/26-07-16/mazda-bt50-thunder-2021-3xxxx--715793178418833090810023-b.jpg
13680285,https://images.khmer24.co/26-03-16/hyundai-santa-fe--467874177363781040088768-b.jpg
13738632,https://images.khmer24.co/26-07-07/-nissan-2006-1294640178339227487551337-b.jpg
13761744,https://images.khmer24.co/26-07-12/2025-geely-suv-only-5000km-on-the-odometer-brand-new-condition--1222462178386659340735369-b.jpg
13656879,https://images.khmer24.co/26-06-16/nissan-zna-z9-gt-pickup-2026-1105127178161421196340637-b.jpg
13781256,https://images.khmer24.co/26-07-17/-04--805908178429628489240974-b.jpg
13224374,https://images.khmer24.co/26-02-26/alphard-2017-hybrid-upgrade-2021-211301177207514027294378-b.jpg
13672321,https://images.khmer24.co/26-06-20/bmw-g90-m5-sedan-2025-1041951178194264680665492-b.jpg
13647545,https://images.khmer24.co/26-06-14/-09-12xxx--1218412178142543744311567-b.jpg
13753434,https://images.khmer24.co/25-11-20/hyundai-custin-2025-mpv-7seats-152261176362396976909502-e.jpg
13353228,https://images.khmer24.co/25-09-18/byd-xia-dmi-fulloption-7x-xxxx-ud83d-udd25-1207509175816942250581617-b.jpg
13743269,https://images.khmer24.co/26-04-30/land-rover-discovery-sport-2015-1288365177753230053862404-b.jpg
13649810,https://images.khmer24.co/25-12-16/mercedes-benz-c300-coupe-2017-options--141100176586340524679818-b.jpg
13804731,https://images.khmer24.co/26-07-24/mercedes-benz-c300-convertible-years-2017-1156332178485985077286264-b.jpg
13580890,https://images.khmer24.co/26-05-29/-ud83d-ude97-porsche-cayenne-012-option--1277927178002353762765329-b.jpg
13730021,https://images.khmer24.co/26-07-04/bmw-i8-good-price-455760178317518789769038-b.jpg
13781127,https://images.khmer24.co/26-07-17/mercedes-cla-45-amg-2015-1281231178429182432056361-b.jpg
13395053,https://images.khmer24.co/26-04-10/toyota-alphard-2015-spec-ud83c-uddef-ud83c-uddf5-ud83c-udf1f--500526177578975571797595-b.jpg
13558775,https://images.khmer24.co/26-05-24/lexus-2003-74828177957973946781890-b.jpg
13474879,https://images.khmer24.co/26-05-04/honda-enp2--1108553177786899883200207-b.jpg
13739092,https://images.khmer24.co/26-07-07/ford-waltrack-2021-bi-tubo-2-0--315114178339739044551238-b.jpg
13431095,https://images.khmer24.co/26-04-23/2019-kia-carnival-full-option-28600--64505177691519580992500-b.jpg
13698791,https://images.khmer24.co/26-06-26/mazda-ez-60-option3-1166034178247348421750961-b.jpg
13523933,https://images.khmer24.co/26-05-16/hyundai-custin-1278569177890226879331591-b.jpg
13612537,https://images.khmer24.co/26-06-05/nissan-frontier-2008-v6-p2-789501178066478878024184-b.jpg
13819053,https://images.khmer24.co/26-07-28/-suv-ud83d-ude982026-changan-nevo-q07-463257178520039383820523-b.jpg
13756983,https://images.khmer24.co/26-02-11/chery-pickup--1266745177079148313122199-b.jpg
13757631,https://images.khmer24.co/26-07-12/-17500--1299373178382276180310143-b.jpg
13744340,https://images.khmer24.co/26-07-08/camry-hybrid-50-0965277462-398203178349399923087270-b.jpg
13647935,https://images.khmer24.co/26-06-14/mazda2-2021-2cm-pp-sedan-162863178143205089683853-b.jpg
13590875,https://images.khmer24.co/26-05-31/--1279282178023781691013802-b.jpg
13423803,https://images.khmer24.co/26-04-21/luxury-mpv-gac-gn8-2026--195713177676767134583542-b.jpg
13789595,https://images.khmer24.co/26-07-20/byd-ti7-2wd-and-4wd-1176310178452173823048142-b.jpg
13760398,https://images.khmer24.co/26-07-12/lexus-nx-200t-f-sport-2016-3-6-2-ud83c-udf52-ud83c-udf52-ud83c-udf52-1086751178383825394604744-b.jpg
13766785,https://images.khmer24.co/26-07-14/c300-coupe-2017-amg-ud83d-udd25-796289178399578528833649-b.jpg
13661292,https://images.khmer24.co/26-06-17/ford-mustang-2017-convertible-option-1277660178170235635326701-b.jpg
13353262,https://images.khmer24.co/26-03-30/rare-porsche-911-turbo-s-991-1-cabriolet-only-46000kms-us-report-carfax-available-1095394177486436529193740-b.jpg
13564496,https://images.khmer24.co/26-05-25/bmw-528i-2013-upgrade-to-m5-1133729177969455597393188-b.jpg
13606811,https://images.khmer24.co/26-06-04/mercedes-benz-cla45-amg-edition-1-2015-248495178055689965763505-b.jpg
13721317,https://images.khmer24.co/26-07-02/toyota-prius-2010-option-3-ud83d-udd35-17-500--1285520178298079568199813-b.jpg
13240141,https://images.khmer24.co/26-03-02/lexus-rx-300-1-2003-95497177243015768927328-b.jpg
13656031,https://images.khmer24.co/26-01-29/honda-p7-650km--1105127176965605121768131-b.jpg
13724123,https://images.khmer24.co/26-07-03/ford-everest-titanium-2026--1261048178305283615489003-b.jpg
13712225,https://images.khmer24.co/26-06-30/-kia-bongo-3-371031178279611340350658-b.jpg
13534885,https://images.khmer24.co/24-06-03/mazda-968200171740817357903924-b.jpg
13770445,https://images.khmer24.co/26-07-15/hyundai-trago-08-u2764-ufe0f-1310513178407358429031489-b.jpg
13715328,https://images.khmer24.co/26-07-01/nissan-2002--93058178287312435564959-b.jpg
13809259,https://images.khmer24.co/26-07-25/haval-big-size-suv-off-road-2026-165779178495638580626962-b.jpg
13358181,https://images.khmer24.co/26-04-22/chevrolet-pickup-017-auto-capitas--632184177682515487884334-b.jpg
13727007,https://images.khmer24.co/26-07-04/avatr-07-elite-2026-495978178312864773368425-b.jpg
13729259,https://images.khmer24.co/26-07-04/toyota-alphard-2016-v4-amp-hybrid-pp-2bz-xxxx-354084178315709361151655-b.jpg
13553537,https://images.khmer24.co/26-05-22/-2023-mazda2-sedan--317484177944245722520321-b.jpg
13603091,https://images.khmer24.co/26-06-03/-5000-6000-100--791276178048154644715675-b.jpg
13436154,https://images.khmer24.co/26-04-24/mpv-7--1285421177700802228542766-b.jpg
13601046,https://images.khmer24.co/26-06-03/byd-seal5--1201092178045894379852818-b.jpg
13722069,https://images.khmer24.co/26-07-02/lexus-nx200t-f-sport-015-663366178299542010466397-b.jpg
13414617,https://images.khmer24.co/26-06-19/mercedes-benz-glc-coupe-amg-2020-121535178184389582259120-b.jpg
13694848,https://images.khmer24.co/26-06-25/toyota-hilak-surf-3200--1304299178239492896567122-b.jpg
13240037,https://images.khmer24.co/26-03-02/porsche-panamera-2017-full-option-231228177242880783079533-b.jpg
13811248,https://images.khmer24.co/26-07-25/bmw-7-series-012-up-023-ud83d-ude0d-1277082178499610239921825-b.jpg
13540342,https://images.khmer24.co/26-05-19/mercedes-benz-cla45-amg-2015-922390177919856783785761-b.jpg
13731847,https://images.khmer24.co/26-07-05/toyota-99--5362178323384023652718-b.jpg
13800104,https://images.khmer24.co/26-05-20/lexus-rx300-2001-1--575362177925055013480700-b.jpg
13795130,https://images.khmer24.co/26-07-21/honda-ens2-1312361178462322936238089-b.jpg
13583343,https://images.khmer24.co/26-05-29/ford-ranger-wildtrak-3-0l-6-2026-295167178005335138969862-b.jpg
13756008,https://images.khmer24.co/26-07-11/kia-012--19137178374231956425903-b.jpg
13637375,https://images.khmer24.co/25-07-06/mazda-cx-9-2022-1-312611175181739563053154-b.jpg
13586926,https://images.khmer24.co/26-05-30/hyundai-venue-1278569178013407624566365-b.jpg
13677908,https://images.khmer24.co/26-06-22/nissan-2002-1294784178209502091133475-b.jpg
13528061,https://images.khmer24.co/26-06-24/lexus-lx600-2023-7seat-luxury-suv-25-speaker-full-1072003178228651814595042-b.jpg
13555588,https://images.khmer24.co/26-05-23/great-wall-pickup-have-in-stock-and-good-price-1285421177950397758494883-b.jpg
13612803,https://images.khmer24.co/26-06-05/cheng-long-l2-ev-1100691178067258250228802-b.jpg
13736942,https://images.khmer24.co/26-07-06/sell-alphard-2012-hybrid-94902178333705566854108-b.jpg
13753577,https://images.khmer24.co/26-07-10/-avatr06-elite-luxury-sport-sedan-2026-elite--1089773178367588493352421-b.jpg
13643669,https://images.khmer24.co/26-06-13/2012-option3--141569178133209737497186-b.jpg
13810635,https://images.khmer24.co/25-04-20/mpv-1120153174512643358204654-b.jpg
13460795,https://images.khmer24.co/25-09-15/byd-atto-2-401km-25800-telegram-0976350650--1207509175791083984325174-b.jpg
13655770,https://images.khmer24.co/26-06-16/-u270d-ufe0f-u270d-ufe0flexus-nx200t-2015f-sport--387311178159671510173381-b.jpg
13261218,https://images.khmer24.co/26-03-07/mercedes-benz-c300-coupe-2017-1035105177286875225043731-b.jpg
13765058,https://images.khmer24.co/26-07-13/-02--447341178393951574609490-b.jpg
13754200,https://images.khmer24.co/26-07-10/porsche-panamera-s-top-option-410992178368841476861381-c.jpg
13727155,https://images.khmer24.co/26-07-04/bmw-x4-746541178313075273209128-b.jpg
13583999,https://images.khmer24.co/25-11-29/mercedes-benz-amg-gts-2016-286915176443314850261177-c.jpg
13781654,https://images.khmer24.co/26-07-18/toyota-prius-2008-full-option--390486178433244712120435-b.jpg
13643395,https://images.khmer24.co/26-06-13/-lexus-330-05-h-f-1247357178132842991763540-b.jpg
13555356,https://images.khmer24.co/26-04-29/honda-enp2-2025-ev-475016177743526557239296-b.jpg
13762425,https://images.khmer24.co/26-07-13/-ud83d-udd25-ford-everest-platinum-2026-3-0l-v6-1261048178390753274668115-b.jpg
13805895,https://images.khmer24.co/26-07-24/kia-morning-amp-grand-starex-1017782178487369733489743-b.jpg
13809124,https://images.khmer24.co/26-07-25/-mazda-thunder-full-option-2021-3-2l-200717178495451319955592-b.jpg
13427712,https://images.khmer24.co/26-02-01/hyundai-palisade-2026-1024615176992800723018495-b.jpg
13591274,https://images.khmer24.co/26-06-01/nissan-frontier-2006-v6-p1-789501178027278018585250-b.jpg
13336208,https://images.khmer24.co/26-03-25/honda-hrv-suv-i-vtec-econ--85027177445749583629146-b.jpg
13756884,https://images.khmer24.co/26-07-11/-mazda-022-bt50-pickup-full-193430178375201791145318-b.jpg
13638064,https://images.khmer24.co/26-06-12/avatr-07-option-elite-15488178123068328305459-b.jpg
13775583,https://images.khmer24.co/26-07-16/toyota-alphard-hybrid-full-2013--419154178417725426735755-b.jpg
13428216,https://images.khmer24.co/26-04-22/-avatr-06--1089773177684790441988599-b.jpg
13493676,https://images.khmer24.co/26-05-08/--437039177823754831262159-b.jpg
13692830,https://images.khmer24.co/26-06-25/-ud83d-udd25-2024-gac-gn8-luxury-mpv-for-sale-like-new-946411178236416081615474-b.jpg
13810449,https://images.khmer24.co/26-07-25/the-2024-byd-qin-dm-i-flagship-edition-boasts-a-combined-range-of-over-1000km--1222462178497361111533150-b.jpg
13707655,https://images.khmer24.co/26-06-29/lexus-nx-2017-f-sport-94190178270358059673872-b.jpg
13272367,https://images.khmer24.co/26-03-10/mercedes-benz-c-coupe-2016-amg-package-286915177312997975875036-b.jpg
13806503,https://images.khmer24.co/26-07-24/mustangs--1303331178488101625634638-b.jpg
13635951,https://images.khmer24.co/25-06-04/porsche-gt3-rs-683358174901281919764100-b.jpg
13605827,https://images.khmer24.co/26-06-04/bmw-740i-2023-plate-number-1288126178054810219733112-b.jpg
13626520,https://images.khmer24.co/26-06-09/mercedes-benz-cla45-amg-2014-313849178098885226135884-b.jpg
13693164,https://images.khmer24.co/26-06-25/toyota-alphard--805795178236790215728011-b.jpg
13527078,https://images.khmer24.co/26-05-17/lexus-rx-330-2004-full-option-1--504031177898268031063099-b.jpg
13655844,https://images.khmer24.co/26-05-05/honda-ens2-2026--1105127177795659293544423-b.jpg
13477945,https://images.khmer24.co/26-05-05/ford-territory-2026--723056177794521684680154-b.jpg
13227224,https://images.khmer24.co/25-08-28/kia-carnival-2019-good-condition-good-price-ud83d-udcaf-423807175638423212374388-b.jpg
13539459,https://images.khmer24.co/26-05-19/mazda-ez-60-2025-6000km-66194177918001334816727-b.jpg
13577479,https://images.khmer24.co/26-05-28/hyundai-custin-2025-7--914237177994947726647197-b.jpg
13763466,https://images.khmer24.co/26-07-13/nissan-2005--1294784178391938798792113-b.jpg
13267580,https://images.khmer24.co/26-03-09/-suv-l7-1194216177303721839189847-b.jpg
13373563,https://images.khmer24.co/26-04-04/jeep-gladiator-rubicon-pickup-2021-hgb-173634177528924720957433-b.jpg
13809783,https://images.khmer24.co/26-07-25/--297212178496311631722781-b.jpg
13769249,https://images.khmer24.co/26-07-14/alphard-vip-seat-2012-hybrid-25900--1120370178402150489276806-b.jpg
13335590,https://images.khmer24.co/26-06-23/2021-mazda3-options--878378178218825759865607-b.jpg
13639739,https://images.khmer24.co/26-06-12/--1275883178124688477087432-b.jpg
13339784,https://images.khmer24.co/26-03-26/2019-toyota-alphard-3-5-v6-luxury-mpv-826670177452622630325308-b.jpg
13619639,https://images.khmer24.co/26-06-07/2024-byd-ev-car-seagull-1292818178084148415198863-b.jpg
13440459,https://images.khmer24.co/26-04-25/lexus-nx200t-2015-f-sport-pong-2-button-5--806719177709674132882944-b.jpg
13528984,https://images.khmer24.co/26-05-17/mercedes-benz-c-coupe-1072003177900600853631866-b.jpg
13737611,https://images.khmer24.co/26-07-06/5xxxx-porches-boxster-full-option-015--1232490178335344782207206-b.jpg
13597961,https://images.khmer24.co/26-06-02/porsche-911-carrera-2013-1044479178038554474098998-b.jpg
13748145,https://images.khmer24.co/26-07-09/bmw-5281-1287476178357562397356108-b.jpg
13782849,https://images.khmer24.co/26-07-18/mercedes-cla45-amg-smart-key-2015-full-option-1303769178434933747235351-b.jpg
13784769,https://images.khmer24.co/26-05-10/toyota-land-cruiser-v6-full-option-2008-2021--419007177839293898271883-b.jpg
13694227,https://images.khmer24.co/26-06-25/lexus-1233515178238203956483260-b.jpg
13805243,https://images.khmer24.co/26-07-24/honda-ens2-ev-2025-1184166178486560345861490-b.jpg
13592028,https://images.khmer24.co/26-06-01/ford-ranger-xl-2-0l-2026--295167178028318099492005-b.jpg
13799856,https://images.khmer24.co/26-07-22/kia-carnival-11-full-option-294815178472373257522292-b.jpg
13594733,https://images.khmer24.co/26-06-01/mazda-763718178031955771826619-b.jpg
13660893,https://images.khmer24.co/26-06-17/hyundai-starex-1199706178169323773987348-b.jpg
13545604,https://images.khmer24.co/26-05-21/nissan-frontier-2005-v6-p1--789501177931849360345767-b.jpg
13250892,https://images.khmer24.co/26-03-04/-ud83d-udd25rangeevoque-012v4-2suv--459123177264070937661469-b.jpg
13804678,https://images.khmer24.co/26-05-23/2025-toyota-pickup-truck-30-000-kilometers-on-the-odometer--1222462177952685564497080-b.jpg
13582439,https://images.khmer24.co/26-05-29/bmw-i3-2014-full-option--226300178003985422644796-b.jpg
13787499,https://images.khmer24.co/26-07-19/alphard-2015-hybrid-full--492344178445613234816457-b.jpg
13719833,https://images.khmer24.co/26-07-02/sales-682900178296443338412134-b.jpg
13696252,https://images.khmer24.co/26-06-26/--1247918178244367676387406-b.jpg
13339926,https://images.khmer24.co/26-03-26/2019-toyota-alphard-3-5-v6-luxury-mpv-826670177452953237874339-b.jpg
13781474,https://images.khmer24.co/26-07-17/byd-yuan-up-2024-17-900-410--312611178430734077678031-b.jpg
13811107,https://images.khmer24.co/26-07-25/discovery-sport-full-option--294001178499047353447708-b.jpg
13745332,https://images.khmer24.co/26-07-08/mercedes-benz-c300-c-coupe-2017-upgrade-2022-312064178350671796175339-b.jpg
13789606,https://images.khmer24.co/26-07-20/--175566178452189571570879-b.jpg
13331596,https://images.khmer24.co/26-03-24/porsche-panamera-4s-excutive-2-9--277144177436555189546817-b.jpg
13761991,https://images.khmer24.co/26-07-13/bmw-740li-2012-up-2025-499614178387979694325371-b.jpg
13810472,https://images.khmer24.co/26-07-25/mercedes-benz-amg-gts-2015-full-option-550023178497404230215857-b.jpg
13785854,https://images.khmer24.co/26-07-19/toyota-387683178443059678039291-b.jpg
13718938,https://images.khmer24.co/26-07-02/lexus-300-02-pong-2--332916178295642014760769-b.jpg
13759846,https://images.khmer24.co/26-07-12/honda-ens2-2025-1224932178382996734989675-b.jpg
13195782,https://images.khmer24.co/25-11-25/ford-f-150-raptor-2017-371302176407957254744240-b.jpg
13711574,https://images.khmer24.co/26-06-30/kia-ray-2015-1254370178278922660198078-b.jpg
13794320,https://images.khmer24.co/26-07-21/2021-mazda-thunder-full--902239178461395673653073-b.jpg
13609555,https://images.khmer24.co/26-06-05/hyundai-staria-lounge-56-400--1156798178062796086927038-b.jpg
13674679,https://images.khmer24.co/26-06-21/nissan-frontier-06-2-1-100-25-200--285673178201604839071336-b.jpg
13663075,https://images.khmer24.co/26-06-18/-ud83d-udd25-2015-land-rover-discovery-sport-luxury-suv-ud83d-udd25-826670178175546440051060-b.jpg
13773076,https://images.khmer24.co/26-07-15/-toyota-pickup-2019--1254427178410921713954145-b.jpg
13786685,https://images.khmer24.co/26-07-19/xiaomi-yu7-standard-835km-1021470178444249823089112-b.jpg
13495949,https://images.khmer24.co/26-05-09/toyota-camry-hybrid-110468177830235295205315-b.jpg
13790218,https://images.khmer24.co/26-07-20/bmw-m5-f90-sedan-2020-1041951178453031857080813-b.jpg
13705054,https://images.khmer24.co/26-06-28/--740538178262958311740385-b.jpg
13400777,https://images.khmer24.co/26-04-12/mpv-7seater-luxury-7--1282215177596398678432758-b.jpg
13617412,https://images.khmer24.co/26-06-07/byd-atto3-19500--195940178080353469768679-b.jpg
13384615,https://images.khmer24.co/26-05-28/2025-ferrari-purosangue-6-5-v12-1180117177992186030289892-b.jpg
13688845,https://images.khmer24.co/26-06-24/lamborghini-urus-4-0-v8-2020-1041951178228673725457801-b.jpg
13537365,https://images.khmer24.co/26-05-19/bentley-flying-spur-525616177916023038414636-b.jpg
13799925,https://images.khmer24.co/26-07-22/maserati-levanta-2017-up-2025-1082005178472527520668184-b.jpg
13731858,https://images.khmer24.co/26-07-05/mclaren-650s-3-8-spider-2015-1193843178323406111491620-b.jpg
13623184,https://images.khmer24.co/26-06-08/rolls-royce-98--25796178091324997650538-b.jpg
13693275,https://images.khmer24.co/26-06-25/aston-martin-dbx-2021-gasoline-v8-1072003178236925442141402-b.jpg
13524221,https://images.khmer24.co/26-05-16/subaru-forester-019-462504177890525925607123-b.jpg
13768384,https://images.khmer24.co/26-07-14/-mitsubishi-montero-1993-4900--868323178401103377561214-b.jpg
13731875,https://images.khmer24.co/24-10-31/volkswagen-tiguan-2020-7--862400173034493912480642-b.jpg
13399780,https://images.khmer24.co/25-10-08/volvo-xc90-2020-full-operations-550766175990348547209159-b.jpg
13612460,https://images.khmer24.co/26-06-05/-chevrolet-spark-2014-284758178066248545044162-b.jpg
13593418,https://images.khmer24.co/26-06-01/suzuki-celerio-2020-1242937178029907834113967-b.jpg
13675782,https://images.khmer24.co/26-06-21/isuzu-dmax-v-cross-2023-full-options-72xxxkm-1-813499178203085460186908-b.jpg
13382926,https://images.khmer24.co/26-04-07/peugeot-3008-2022-full-option-1152487177552442961090749-b.jpg
13481871,https://images.khmer24.co/26-05-06/renault-koleos-313031177803222245413567-b.jpg
13305734,https://images.khmer24.co/26-03-18/escalade-cadillac-2025-sport-platinum-vip-seats-233455177381898642760361-b.jpg
13722409,https://images.khmer24.co/26-05-02/for-sale-alfa-romeo-4c-2013--919000177771050079752098-b.jpg
13305163,https://images.khmer24.co/26-03-18/geely-coolray-2026-975267177381309891416201-b.jpg
13724152,https://images.khmer24.co/26-07-03/changan-q05-ultra2026-1285502178305302660058376-b.jpg
13749095,https://images.khmer24.co/26-07-09/-leapmotor-kh-924490178358579028315265-b.jpg
13652491,https://images.khmer24.co/24-11-11/denza-d9-dm-i-980-awd-1059202173131501488337157-b.jpg
13557557,https://images.khmer24.co/26-05-23/xpeng-x9-urgent-sale--5591177952646395263858-b.jpg
13708412,https://images.khmer24.co/26-06-29/2024-zeekr-007-463656178271278440183111-b.jpg
13696356,https://images.khmer24.co/26-06-26/gwm-tank300-262204178244459119812666-b.jpg
13740381,https://images.khmer24.co/26-07-07/jetour-t2-2-0l-turbo-2025-440602178341115689011908-b.jpg
13805236,https://images.khmer24.co/26-07-24/jac-2-5-2025-480403178486551197874547-b.jpg
13638589,https://images.khmer24.co/26-06-12/nx-200t-f-sport-2016-6-2-3-8583178123551047560560-b.jpg
13817656,https://images.khmer24.co/26-07-27/mercedes-benz-c-coupe-amg-2017--400728178515133158540928-b.jpg
13634802,https://images.khmer24.co/26-06-11/lexus-330-879964178115304690277418-b.jpg
13745522,https://images.khmer24.co/26-07-08/porsche-panamera-2017-314368178350973718261519-b.jpg
13694576,https://images.khmer24.co/26-06-25/bmw-2022-5-serri--679803178238881024166938-b.jpg
13307876,https://images.khmer24.co/26-03-20/mercedes-benz-amg-gt-s-v8-4-0l-359541177402574760594429-b.jpg
13491018,https://images.khmer24.co/26-03-13/toyota-alphard-2021-v6-russia-spec-354760177339133649042174-b.jpg
13386583,https://images.khmer24.co/25-10-06/lexus-lx-470-2003--382993175972306595166291-b.jpg
13763190,https://images.khmer24.co/25-12-02/honda-s2000-ap1-original-412632176468363348022999-b.jpg
13629537,https://images.khmer24.co/26-06-10/-v6-3-0l-2026-ford-ranger-wildtrak-1261048178106026135641944-b.jpg
13769305,https://images.khmer24.co/26-07-14/kia-ray-8-350--1291319178402237343289704-b.jpg
13809108,https://images.khmer24.co/26-07-25/2021-1-mazda-thunder-full-option-3-2l-200717178495431230952876-b.jpg
13598600,https://images.khmer24.co/26-06-02/hyundai-tucson-795555178039446425218993-b.jpg
13716170,https://images.khmer24.co/26-07-01/nissan-navara--613348178288305164454368-b.jpg
13752954,https://images.khmer24.co/26-07-10/soueast-s07-28800--1280777178366859137545646-b.jpg
13725592,https://images.khmer24.co/26-07-03/2022-gmc-hummer-ev-pickup-edition-1-awd-677537178307124684850704-b.jpg
13782629,https://images.khmer24.co/26-07-18/--1279910178434662487458158-b.jpg
13413388,https://images.khmer24.co/26-04-19/alphard-2015-hybrid-1-1-2025-504031177656296596482868-b.jpg
13705447,https://images.khmer24.co/26-06-28/bmw-g90-m5-sedan-2025-1041951178263475522999490-b.jpg
13707543,https://images.khmer24.co/26-06-29/2012-gray-141569178270207927003886-b.jpg
13682218,https://images.khmer24.co/26-03-10/mpv-starlight730-2x-xxx--1276823177313542194553515-b.jpg
13469533,https://images.khmer24.co/26-05-17/only-12800-in-stock-byd-e3-ev-car-fl-seat-cooling-1149031177898993157960519-b.jpg
13597238,https://images.khmer24.co/26-06-02/ferrari-488-gtb-3-9-2018-1041951178037772121268034-b.jpg
13288032,https://images.khmer24.co/26-06-06/lamborghini-urus-2019-437482178072334464501292-b.jpg
13523485,https://images.khmer24.co/26-05-16/bentley-flying-spur-2015--525621177889623243897127-b.jpg
13159551,https://images.khmer24.co/26-02-08/maserati-levante-2017-255293177053163180020400-b.jpg
13246618,https://images.khmer24.co/26-03-04/mclaren-570s-up-600lt-full-carbon-359541177256648110574301-b.jpg
13673948,https://images.khmer24.co/26-06-21/rolls-royce-ghost-1302331178200556386270264-b.jpg
13802528,https://images.khmer24.co/26-07-23/aston-martin-dbx-707-2023-new-car-678617178479222626312662-b.jpg
13502931,https://images.khmer24.co/26-05-11/subaru-forester-018-573864177847430259137288-b.jpg
13418032,https://images.khmer24.co/26-04-20/mitsubishi-xpander-year-2019-753348177666129756845856-b.jpg
13462237,https://images.khmer24.co/25-08-25/volkswagen-id-6-cross-1142948175606462078649362-b.jpg
13710094,https://images.khmer24.co/26-06-29/2022-volvo-xc40-for-sale-1026939178273762672440528-b.jpg
13775586,https://images.khmer24.co/26-07-16/chevrolet-spark-2016-9-600-284758178417727899226698-b.jpg
13778721,https://images.khmer24.co/26-07-17/suzuki-fronx-2026-engine-1-5l-hybrid-1166453178425708577788988-b.jpg
13674102,https://images.khmer24.co/26-03-04/-u2b50-isuzu-d-max-deluxe-3-0l-2026-100--665180177261052973028028-b.jpg
13662047,https://images.khmer24.co/25-11-26/peugeot-3008-180441176414624986229533-b.jpg
13245962,https://images.khmer24.co/26-03-03/cadillac-escalade-2026-onyx-package-vip-683358177254039815023915-b.jpg
13795945,https://images.khmer24.co/26-07-21/-alfaromio-625965178464173925546501-b.jpg
13476296,https://images.khmer24.co/26-05-04/geely-starship7-2025-1575--683450177788803854908895-b.jpg
13476065,https://images.khmer24.co/25-09-17/changan-uni-t-2023-1038597175809871148968880-b.jpg
13771330,https://images.khmer24.co/26-07-15/leapmotor-c10-global-spec-919435178408727193272529-b.jpg
13484354,https://images.khmer24.co/26-05-06/denza-n8l-flagship-1285502177805686254234852-b.jpg
13483207,https://images.khmer24.co/26-05-06/-xpeng-x9--16843177804397742384417-b.jpg
13420723,https://images.khmer24.co/26-04-21/just-few-hundred-mileage-466938177673398555853357-b.jpg
13813616,https://images.khmer24.co/26-07-26/gwm-poer-1314047178506441487596622-b.jpg
13351834,https://images.khmer24.co/26-03-30/jetour-t2-full-2025--66194177484541710711484-b.jpg
13454974,https://images.khmer24.co/25-10-21/jac-1070674176103880031117312-b.jpg
13320915,https://images.khmer24.co/26-03-22/2011-range-sport-diesel-for-sale-13573177414742193153286-b.jpg
13663419,https://images.khmer24.co/26-06-18/bmw-g87-m2-coupe-2024-1041951178175898131643156-b.jpg
13692454,https://images.khmer24.co/26-06-25/2017-c-class-cabriolet-up-2023-177779178236002547218384-b.jpg
13668855,https://images.khmer24.co/26-06-19/porsche-911-gt3-2016-1041951178186299442106362-b.jpg
13802646,https://images.khmer24.co/26-07-23/2023-bmw-ix1-xdrive30l-m-sport-package-1122826178479362894342933-b.jpg
13787210,https://images.khmer24.co/26-07-19/2016-mercedes-benz-amg-gt-carbonerre-full-bodykit--93496178445036836633473-b.jpg
13653966,https://images.khmer24.co/26-06-16/toyota-prius-2008-13-500--340235178157593163295784-b.jpg
13786575,https://images.khmer24.co/26-07-19/-lexus-rx330--685300178444090233190630-b.jpg
13772072,https://images.khmer24.co/26-07-15/honda-ens2-2-ud83e-udd73-1108553178409709991611402-b.jpg
13608508,https://images.khmer24.co/26-06-04/ford-raptor-2022--943057178058726010457362-b.jpg
13766577,https://images.khmer24.co/26-07-14/kia-morning-015-9700-616284178399374844781566-b.jpg
13439186,https://images.khmer24.co/26-04-25/mazda-cx-5-2016-167643177708139343301698-b.jpg
13806423,https://images.khmer24.co/26-07-24/-hyundai-samtafe-2025-1269461178488006525099156-b.jpg
13792699,https://images.khmer24.co/26-04-08/nissan-patrol-3-5l-v6-twin-turbo--1280457177563611921098512-b.jpg
13433371,https://images.khmer24.co/25-08-15/very-fuel-efficient-business-suv-1152665175522456428092370-b.jpg
13499438,https://images.khmer24.co/26-05-10/-ud83d-udef3-ufe0f-5-karen-do-4wd-2014-pickup-2-0-1290997177838857796208683-b.jpg
13734168,https://images.khmer24.co/26-07-06/-95-3800km-666012178330558633794889-b.jpg
13531746,https://images.khmer24.co/26-05-18/-camry-08-hybrid-full-option--620060177907141720724206-b.jpg
13702556,https://images.khmer24.co/26-06-27/2026-avatr-06t-max-sport-sedan--784933178255557263138059-b.jpg
13589476,https://images.khmer24.co/26-05-31/prius-2012-option-3-486768178020870013768541-b.jpg
13571660,https://images.khmer24.co/26-05-27/stargazer-mpv-7-2026-477448177984833095024517-b.jpg
13643503,https://images.khmer24.co/26-06-13/byd-xia-2025--236261178132985933013711-b.jpg
13187612,https://images.khmer24.co/26-02-15/ferrari-488-spyder-686489177116454965208225-b.jpg
13358931,https://images.khmer24.co/26-05-31/2025-lamborghini-urus-se-hybrid-1180117178019350846318429-b.jpg
13297853,https://images.khmer24.co/26-03-16/23-bentleys-for-sale-1278377177367186932371312-i.jpg
13653235,https://images.khmer24.co/26-06-16/maserati-ghibli-q4-twin-turbo-3-0-ferrari-made-engine-50197178154292140210314-b.jpg
13553472,https://images.khmer24.co/26-05-22/mclaren-570s-3-8-spider-2018-1041951177944181279046615-b.jpg
13542029,https://images.khmer24.co/26-05-23/rolls-royce-cullinan-880755177951411832054471-b.jpg
13576123,https://images.khmer24.co/26-05-29/2021-aston-martin-dbx-4-0-v8-1180117178002770517177159-b.jpg
13694899,https://images.khmer24.co/26-06-25/subaru-forester-2019-50-000km-26500--36510178239615324847684-b.jpg
13770270,https://images.khmer24.co/26-07-14/-mitsubishi-montero1993-4900--868323178404577722893501-b.jpg
13533401,https://images.khmer24.co/26-05-18/volkswagen-caravel-2019-1073499177908004833368151-b.jpg
13376532,https://images.khmer24.co/26-04-05/volvo-xc60-t5-2018-1--100043177537049223992771-b.jpg
13612454,https://images.khmer24.co/26-06-05/-chevrolet-spark--284758178066232741732939-b.jpg
13302527,https://images.khmer24.co/26-03-17/suzuki-celeriac--1050600177375623136319526-b.jpg
13794888,https://images.khmer24.co/26-07-21/isuzu-2-5t-2017--923892178462041199831805-b.jpg
13727886,https://images.khmer24.co/26-07-04/peugeot-3008-2019-full-option--36283178313883256337549-b.jpg
13567986,https://images.khmer24.co/26-05-26/cadillac-escalade-2025-esv-sport-platinum-452963177976729976154589-b.jpg
13460786,https://images.khmer24.co/25-10-30/geely-galaxy-starship7-2025-ud83d-udd25-28-800-ud83d-udd25-ud83e-udd70-1207509176179539387401738-b.jpg
13694130,https://images.khmer24.co/26-06-30/changan-nevo-q07-2026-options-ultra-1249350178278827488283796-b.jpg
13422844,https://images.khmer24.co/25-10-22/leapmotor-b10-600km-top-option-1157157176112314482714097-c.jpg
13739393,https://images.khmer24.co/26-07-07/denza-n9-1167246178340043623400860-b.jpg
13797259,https://images.khmer24.co/26-07-22/xpeng-p7-plus-5--754732178468818923873438-b.jpg
13619098,https://images.khmer24.co/26-06-07/zeekr-9x-ultra-black-edition-921678178082672998455789-b.jpg
13464782,https://images.khmer24.co/26-05-01/gwm-poer-1095006177761771251519151-b.jpg
13381841,https://images.khmer24.co/26-04-06/-jetour-t2-2024-27000km--879062177548062149773157-c.jpg
13666528,https://images.khmer24.co/26-06-19/-ud83d-udca5-jac-t9-31500--1226006178183551825921168-b.jpg
13783703,https://images.khmer24.co/26-07-18/range-rover-sport-107614178436023967406023-b.jpg
13692474,https://images.khmer24.co/26-06-25/2017-c-class-coupe-amg-up-2022-177779178236015638602541-b.jpg
13726481,https://images.khmer24.co/26-07-03/-07-50--1283730178309228258210280-b.jpg
13599424,https://images.khmer24.co/26-06-02/porsche-macan-2015-tax-paper-red-interior-145192178041227445547498-b.jpg
13639975,https://images.khmer24.co/26-06-12/0887368696-1277660178124988718005466-b.jpg
13618340,https://images.khmer24.co/26-06-07/mercedes-cla-45-amg-2016--423807178081509149752758-b.jpg
13546853,https://images.khmer24.co/26-05-21/toyota-pruis-2008-half-full-11000--1107099177933495782582959-b.jpg
13764941,https://images.khmer24.co/26-07-13/lexus-330-24xxx-855-12-858-994-738096178393720928732765-f.jpg
13301778,https://images.khmer24.co/26-03-17/honda-odyssey-2008-full-441172177374241665275922-b.jpg
13773549,https://images.khmer24.co/26-07-15/ford-ranger-raptor-2022--620583178411634531406982-b.jpg
13659033,https://images.khmer24.co/26-06-17/kia-morning-05-hf-382993178167236090808353-b.jpg
13798827,https://images.khmer24.co/26-07-22/mazda-ez6-2025-full-option-massage-761271178470639087288950-b.jpg
13617558,https://images.khmer24.co/26-06-07/hyundai-custin-vip-8000km--66194178080537535543834-b.jpg
13689889,https://images.khmer24.co/26-06-30/nissan-nx8-2026-options-max-650km-1249350178278824110441261-b.jpg
13346189,https://images.khmer24.co/26-03-28/2012-porsche-cayenne-s-hybrid-luxury-suv-826670177468441452451210-b.jpg
13655272,https://images.khmer24.co/26-06-16/-6--1118112178159083212956098-b.jpg
13798133,https://images.khmer24.co/26-07-22/mazda-ez60-303857178469800061982570-b.jpg
13583900,https://images.khmer24.co/26-05-29/highlander-hybrid-full-limited-2010--419007178006916287713034-b.jpg
13738079,https://images.khmer24.co/26-07-07/--1307997178338569117778133-b.jpg
13656975,https://images.khmer24.co/25-08-28/--1164786175635657948964278-b.jpg
13554729,https://images.khmer24.co/26-05-23/2007-previa-mpv-1113075177947135977670155-b.jpg
13714338,https://images.khmer24.co/25-12-15/-telegram-069370161--1245783176578676118205240-b.jpg
13372150,https://images.khmer24.co/26-04-04/ferrari-488-gtb-2017-231228177527082872156797-b.jpg
13406530,https://images.khmer24.co/26-04-16/lamborghini-aventador-with-ipe-full-system-exhaust-515890177631957842984304-b.jpg
13634997,https://images.khmer24.co/23-09-01/bentley-flying-spur-2015-full-option-131729169350446420189294-b.jpg
13820269,https://images.khmer24.co/26-07-28/2014-maserati-quattroporte-black-for-sale-25-000-negotiable-837873178521288210863734-b.jpg
13640585,https://images.khmer24.co/26-06-12/mclaren-675lt-spider-683358178125714356201952-b.jpg
13426205,https://images.khmer24.co/26-07-14/rolls-royce-cullinan-mansory-kit-233455178399698042181022-b.jpg
13610848,https://images.khmer24.co/26-06-05/-matte-black-special-car-542530178064175438255966-b.jpg
13646476,https://images.khmer24.co/26-06-14/subaru-baja-14-500--889281178141034962384664-b.jpg
13559679,https://images.khmer24.co/26-05-24/mitsubishi-xforce-full-2025--66194177959715698114578-b.jpg
13705204,https://images.khmer24.co/26-06-28/-volkswagen-tiguan2020--1261978178263150991872074-b.jpg
13239647,https://images.khmer24.co/26-03-02/volvo-xc90-2016-full-option-969030177242440331829546-b.jpg
13819942,https://images.khmer24.co/26-07-28/chevrolet-tracker-023-657764178520976875923529-b.jpg
13448576,https://images.khmer24.co/26-04-27/cars-for-sale-325708177727144610996892-b.jpg
13351494,https://images.khmer24.co/26-03-30/isuzu-d-nax-deluxe-2026-100--266247177484247976757721-b.jpg
13661337,https://images.khmer24.co/26-06-17/peugeot-408-allure-1271980178170315086123682-b.jpg
13780621,https://images.khmer24.co/26-07-17/-ud83d-ude99escalade-cadillac-2016--1310217178428177487252868-b.jpg
13476299,https://images.khmer24.co/26-05-04/geely-starship7-2025-1575-135km-683450177788813758122687-b.jpg
13755446,https://images.khmer24.co/26-07-11/changan-q5-506km-1193388178373618183071380-b.jpg
13771349,https://images.khmer24.co/26-07-15/leapmotor-b10-global-spec-919435178408744262225231-b.jpg
13697506,https://images.khmer24.co/26-06-26/-ud83d-udd31-option-2025-denza-n9-flagship-black-edition-15xxxkm-1151712178245645982392776-b.jpg
13642443,https://images.khmer24.co/26-06-13/xpeng-p7-ultra-long-range-820km-783260178131848725551988-b.jpg
13662885,https://images.khmer24.co/26-06-18/2026-zeekr-9x-ultra-70kwh-1236799178175312854407213-b.jpg
13345138,https://images.khmer24.co/26-03-28/-ud83d-ude99-2025-gwm-tank-300-black-for-sale-1109538177466956485449324-b.jpg
13159260,https://images.khmer24.co/25-07-20/jetour-x50-98618175303025741122256-b.jpg
13449143,https://images.khmer24.co/26-04-27/jac-2-5-1070674177727735460440199-b.jpg
13766648,https://images.khmer24.co/26-07-14/range-rover-sport-2008-want-to-sell-36854178399443489600376-b.jpg
13819913,https://images.khmer24.co/26-07-28/2025-l-gle-53-amg-coupe-l-5000-km-l-99-99-new-721389178520948066782651-b.jpg
13550082,https://images.khmer24.co/26-05-21/car-for-sale-1155341177938254964461548-b.jpg
13365988,https://images.khmer24.co/26-04-02/2015-porsche-panamera-s-hybrid-826670177512405055110612-b.jpg
13609813,https://images.khmer24.co/26-06-05/2023-bmw-ix1-xdrive30l-m-sport-package-1122826178063064799959862-b.jpg
13465603,https://images.khmer24.co/26-05-01/mercedes-benz-cla-45-amg-2014-24500--195713177762807424492188-b.jpg
13795714,https://images.khmer24.co/26-07-25/toyota-arlphard-2014-option-g-541837178494725456081769-b.jpg
13705893,https://images.khmer24.co/26-06-28/lexus-ct200h-930169178264282684510628-b.jpg
13732032,https://images.khmer24.co/26-07-05/honda-cr-v-97-659015178323739967146102-b.jpg
13610171,https://images.khmer24.co/26-06-05/ford-ranger-xlt-2023full-option-bi-turbo-661820178063429856146766-b.jpg
13690170,https://images.khmer24.co/26-06-24/kia-morning-f-sports-2014-smart-key-1017782178229520639020728-b.jpg
13329991,https://images.khmer24.co/26-03-24/mazda-ez-60-erev--608552177433650120877886-b.jpg
13650002,https://images.khmer24.co/26-06-15/hyundai-staria-vip-7-seats-394980178149503475761089-b.jpg
13723887,https://images.khmer24.co/26-07-03/nissan-nx8-ev2026-max-option-1247384178305069958128162-b.jpg
13675989,https://images.khmer24.co/26-06-21/2005-lexus-rx-300-suv-for-sale-937838178203391866974405-b.jpg
13753231,https://images.khmer24.co/26-07-10/rely-r8-pick-up-option-comfort-1302893178367151423160927-b.jpg
13808922,https://images.khmer24.co/26-07-25/2026-avatr-07-elite-12-8-1280029178495185130908541-b.jpg
13655126,https://images.khmer24.co/26-06-16/camry-hybrid-2009-full-option-696455178158874650646058-b.jpg
13687148,https://images.khmer24.co/26-06-24/pruis-012-option2--732024178227078589288925-b.jpg
13304815,https://images.khmer24.co/26-03-18/-013-3--83086177380931670614471-b.jpg
13528085,https://images.khmer24.co/26-05-17/denza-d9-dm-i-2025-luxury-7-seater-plug-in-hybrid-mpv-1-5t-engine-1072003177899427494404683-b.jpg
13532525,https://images.khmer24.co/26-05-18/car-for-sale-byd-atto-3-1286755177907593928290250-b.jpg
13615067,https://images.khmer24.co/26-06-06/ferrari-458-option-italia-year-2013-1156332178073131982495291-b.jpg
13773632,https://images.khmer24.co/26-01-17/lamborghini-aventador-lp700-4-v12-247840176861949091100625-b.jpg
13612046,https://images.khmer24.co/26-06-05/bentley-continental-gt-101219178065391082822936-b.jpg
13593934,https://images.khmer24.co/26-06-01/maserati-quattroporte-gransport-2021-538814178030495971647643-b.jpg
13672194,https://images.khmer24.co/26-06-20/mclaren-650s-3-8-spider-2015-1041951178194111786443752-b.jpg
13798679,https://images.khmer24.co/26-07-22/rolls-royce-witaith-2015-v12-478601178470496859051935-b.jpg
13735479,https://images.khmer24.co/26-07-06/aston-dbx-2021-484363178331729597141931-b.jpg
13806985,https://images.khmer24.co/26-07-24/car-for-sale-subaru-forester-2018-ud83d-ude99-ud83d-ude99-107062178488793785323657-b.jpg
13622045,https://images.khmer24.co/26-06-08/mitsubishi-triton-2020-1299011178089929365460777-b.jpg
13570413,https://images.khmer24.co/26-05-26/volkswagen-multivan-2018-vip-urgent-sale--161190177980095096132700-b.jpg
13775963,https://images.khmer24.co/26-07-16/volvo-xc60-2020-pp-514780178418299455638772-b.jpg
13692481,https://images.khmer24.co/26-06-25/-chevrolet-tracker-2022-2--1111901178236020749017477-b.jpg
13795313,https://images.khmer24.co/26-07-21/-suzuki-celerio-2020-930755178462618977451107-b.jpg
13793662,https://images.khmer24.co/26-07-21/isuzu-37-999-987607178460625678066692-b.jpg
13667147,https://images.khmer24.co/26-06-19/-ud83d-ude97-peugeot-5008-2021-ud83d-ude97-191656178184131221594195-b.jpg
13614454,https://images.khmer24.co/26-06-06/cadillac-escalade-esv-sport-platinum-2026-437482178072350927596136-b.jpg
13334623,https://images.khmer24.co/26-03-25/geely-radar-phev-4wd-ud83d-udd250976350650-1207509177442666612180633-b.jpg
13618820,https://images.khmer24.co/26-06-07/changan-q05-506km-option-ultra-1095235178082223783810911-b.jpg
13572474,https://images.khmer24.co/26-05-27/leapmotor-c10-2026-global-spec-530km--929196177985424534172498-b.jpg
13790790,https://images.khmer24.co/26-05-13/2025-denza-n9-full-option-1289020177862884766647506-b.jpg
13569815,https://images.khmer24.co/26-05-26/brand-new-xpeng-gx-2026-284811177978919923618744-b.jpg
13624812,https://images.khmer24.co/26-04-09/zeekr-9x-2026-1236799177570347121856429-b.jpg
13625651,https://images.khmer24.co/26-06-09/gwm-tank300-262204178097872375273574-b.jpg
13586356,https://images.khmer24.co/26-03-30/-2025-jetour-t2-4wd-knn-5--935928177484299293376137-b.jpg
13502625,https://images.khmer24.co/26-05-11/jac-ev-1070674177847234851428743-b.jpg
13286567,https://images.khmer24.co/26-03-14/nx200t-2015-f-sport-1251676177344670589922526-b.jpg
13694570,https://images.khmer24.co/26-06-25/c-coupe-2016-amg-up-c63-coupe-679803178238873136787290-b.jpg
13311604,https://images.khmer24.co/26-03-19/ford-mustang-2018-full-option-624472177392167584257353-b.jpg
13399417,https://images.khmer24.co/24-04-01/porsche-981-cayman-up-gt4--877226171196849617403113-b.jpg
13664248,https://images.khmer24.co/26-06-18/2016-bmw-740li-407907178176966958438084-b.jpg
13719391,https://images.khmer24.co/26-07-02/mercedes-benz-2015-c300-amg-4matic-5000--783237178296077394147123-b.jpg
13567523,https://images.khmer24.co/26-05-26/toyota-alphard-ud83e-udd0d-ud83e-udd0d-v4-2-5l--718011177976338157907684-b.jpg
13776764,https://images.khmer24.co/26-07-16/lexus-rx300-1237628178419299025552028-b.jpg
13797338,https://images.khmer24.co/26-07-22/honda-cr-v-2017-371856178468895324872417-b.jpg
13668034,https://images.khmer24.co/26-06-19/ford-ranger-wildtrak-2026-1038597178185275180390165-b.jpg
13421178,https://images.khmer24.co/26-04-21/kia-morning-2012-full-8100--500708177673803438323911-b.jpg
13811115,https://images.khmer24.co/26-07-25/mazda-cx30-full-option--294001178499082196752693-b.jpg
13662641,https://images.khmer24.co/26-06-18/hyundai-h1-2019-305903178175074418549333-b.jpg
13464819,https://images.khmer24.co/26-05-01/nissan-frontier-05-p1--403955177761821869903983-b.jpg
13292428,https://images.khmer24.co/26-03-15/honda-hrv-suv-2019-full-i-vtec-econ-85027177356220791750159-b.jpg
13649035,https://images.khmer24.co/26-06-15/hilux-travo-128329178148334276049641-b.jpg
13817273,https://images.khmer24.co/26-07-27/avatar-07-2026-max--1070912178514459815139987-b.jpg
13449825,https://images.khmer24.co/26-04-27/2026-aion-i-60-advanced-edition-hybrid-with-a-super-range-of-1200km-1222462177728656697352570-b.jpg
13456383,https://images.khmer24.co/26-04-29/--459386177743685381019054-b.jpg
13494221,https://images.khmer24.co/25-10-18/-prius-05-haft-full-8950-442872176077099921369550-b.jpg
13799403,https://images.khmer24.co/26-07-22/-ud83d-udda4byd-xia-mpv-dm-i-telegram-0962068539-ud83d-udcf2-ud83d-udda4-1228123178471381355184235-b.jpg
13679852,https://images.khmer24.co/26-06-22/2025-byd-seagull-nearly-new-car-with-just-over-1000-kilometers-on-it--1222462178211559078540224-b.jpg
13722313,https://images.khmer24.co/26-07-02/ferrari-458-italia-2013-u2705-1269461178300261480872596-b.jpg
13454715,https://images.khmer24.co/26-05-17/2019-lamborghini-urus-u2728-1180117177901356529256807-b.jpg
13781066,https://images.khmer24.co/26-07-17/bentley-continental-gt-s-4-0-2023-1041951178429080927969221-b.jpg
13602246,https://images.khmer24.co/26-06-03/car-for-sale-1297502178047261589640873-b.jpg
13618655,https://images.khmer24.co/26-03-04/mclaren-570s-3-8-spider-2018-1041951177261791383877919-b.jpg
13216268,https://images.khmer24.co/25-05-16/rolls-royce-phantom05-968200174737109876517791-b.jpg
13768619,https://images.khmer24.co/26-07-14/aston-matin-v8-vantage-4-7-coupe-2015-1193843178401348690922155-b.jpg
13807278,https://images.khmer24.co/26-07-24/-forester-2022-52670178489459936691934-b.jpg
13736106,https://images.khmer24.co/26-07-06/mitsubishi-triton-972898178332490897258493-b.jpg
13466636,https://images.khmer24.co/25-10-31/volkswagen-caravelle-vip-u2728-1208006176191360654405044-b.jpg
13605691,https://images.khmer24.co/26-06-04/volvo-xc60-2022-70450178054707949440571-b.jpg
13536340,https://images.khmer24.co/26-06-02/-2023-20-000km--1277926178037256710708308-i.jpg
13684946,https://images.khmer24.co/26-06-23/-suzuki-jimny-2026-6000km-film-5-u2705-1038122178220793356567839-b.jpg
13597304,https://images.khmer24.co/26-06-02/isuzu-d-max-v-cross-year-2025-full-237302178037833980455646-b.jpg
13618907,https://images.khmer24.co/26-06-07/-peugeot-5008-25000--106948178082347980404368-b.jpg
13811910,https://images.khmer24.co/26-07-26/cadillac-escalade-sports-platinum-2025-big-seat-full-1072003178503562645465622-b.jpg
13795006,https://images.khmer24.co/26-07-21/geely-m9-full-options-2026-987664178462154397299543-b.jpg
13399307,https://images.khmer24.co/26-04-11/changan-q05-2025-354431177589494312692819-b.jpg
13558646,https://images.khmer24.co/26-05-23/leapmotor-c01-625km-ud83d-udcaf--784933177955269031873315-b.jpg
13249528,https://images.khmer24.co/25-08-01/denza-d9-2024-top-option-4-dvd--420060175402003157197289-b.jpg
13821423,https://images.khmer24.co/26-07-28/xpeng-x9-2026--157622178522696224155826-b.jpg
13739360,https://images.khmer24.co/26-07-07/zeekr-9x-black-knight-version-1167246178340024958185888-b.jpg
13625633,https://images.khmer24.co/26-06-09/gwm-tank300-262204178097859395754348-b.jpg
13606169,https://images.khmer24.co/26-06-04/jetour-x70-plus-2022-146627178055147448891629-b.jpg
13563162,https://images.khmer24.co/26-05-25/jac-ev-car-1070674177968229117920863-b.jpg
13663036,https://images.khmer24.co/26-06-18/nx200t-f-sport-cherry--281166178175494379439073-b.jpg
13821000,https://images.khmer24.co/26-07-28/bmw-m2-g87-coupe-2025-1041951178522164584784233-b.jpg
13759861,https://images.khmer24.co/26-07-12/mustang-2018-full-option--624472178383008863781139-b.jpg
13500415,https://images.khmer24.co/26-05-10/porsches-carrera-s--366603177840286789825575-b.jpg
13734570,https://images.khmer24.co/26-07-06/-bmw-i-3-full-options--331399178330889392145857-b.jpg
13693445,https://images.khmer24.co/26-06-25/mercedes-amg-glb35-4matic-2022-1041951178237118448659387-b.jpg
13582554,https://images.khmer24.co/26-05-29/toyota-prius-04--105563178004107737049518-b.jpg
13783562,https://images.khmer24.co/26-07-18/lexus-rx300-1311463178435862349910194-b.jpg
13156300,https://images.khmer24.co/26-02-15/honda-accord-1993--224059177112048568029070-g.jpg
13719554,https://images.khmer24.co/26-07-02/ford-ranger-wildtrak-2023-902239178296215855876742-b.jpg
13568370,https://images.khmer24.co/26-05-26/kia-morning-015-full-option-1295263177977118472173331-b.jpg
13756108,https://images.khmer24.co/26-07-11/mazda-cx5-2018-full-option-231228178374350394354460-b.jpg
13753257,https://images.khmer24.co/26-07-10/hyundai-palisade-premium-2026-152261178367173022636993-b.jpg
13817657,https://images.khmer24.co/26-07-27/nissan-frontier-07-1-770325178515133395235727-b.jpg
13752989,https://images.khmer24.co/26-07-10/-suv-5--1280777178366907748709168-b.jpg
13635079,https://images.khmer24.co/26-06-11/--1190649178115636876684085-b.jpg
13732052,https://images.khmer24.co/26-07-05/-full-option-ev-951910178323768092025831-b.jpg
13497002,https://images.khmer24.co/26-05-09/07-hybrid-020-676707177831679920063580-b.jpg
13576350,https://images.khmer24.co/26-05-28/--413985177993892818684441-b.jpg
13537629,https://images.khmer24.co/26-05-19/012--1107332177916200911545019-b.jpg
13514942,https://images.khmer24.co/26-05-14/-u267b-ufe0f--1222536177871605482894873-b.jpg
13793791,https://images.khmer24.co/26-07-21/byd-dolphin-range-420km-1108553178460736630912641-b.jpg
13640590,https://images.khmer24.co/26-06-12/ferrari-488-gtb-683358178125721399755802-b.jpg
13744370,https://images.khmer24.co/26-07-08/lamborghini-urus-2019-1193843178349448520617650-b.jpg
13603342,https://images.khmer24.co/26-06-03/bentley-472974178048568374277108-b.jpg
13811134,https://images.khmer24.co/26-07-25/-v8-gts-1233561178499174124756830-b.jpg
13618645,https://images.khmer24.co/26-04-02/mclaren-gt-4-0-2022-1041951177511781531600039-b.jpg
13500642,https://images.khmer24.co/25-06-01/rolls-royce-ghost-1048060174878879165988521-b.jpg
13728745,https://images.khmer24.co/26-07-04/--933799178314966018664335-b.jpg
13591115,https://images.khmer24.co/26-06-01/mitsubishi-lancer-evo-x-mr-2008-full-option-419154178025550373608057-b.jpg
13586749,https://images.khmer24.co/26-05-30/-volkswagen-caravelle-2018-ud83d-udda4-v4-2-0l--718011178013119319584199-b.jpg
13316576,https://images.khmer24.co/26-03-21/volvo-xc60-554804177403227429895078-c.jpg
13688550,https://images.khmer24.co/26-06-24/chevrolet-camaro-2019--1141793178228374356882160-b.jpg
13660693,https://images.khmer24.co/26-06-17/suzuki-fronx-973326178168987732780428-b.jpg
13423810,https://images.khmer24.co/26-04-21/isuzu-big-truck-3-5t-1251219177676783966696726-b.jpg
13697655,https://images.khmer24.co/26-06-26/peugeot-2021-3008-162863178245746938556663-b.jpg
13671338,https://images.khmer24.co/26-06-20/cadillac-escalade-esv-platinum-371744178193127663361592-b.jpg
13606740,https://images.khmer24.co/26-06-04/geely-geome-1236040178055604170937863-b.jpg
13772855,https://images.khmer24.co/26-07-15/changan-q07-phev-145km-31800-215km-34800--715185178410661045389039-b.jpg
13572494,https://images.khmer24.co/26-05-27/leapmotor-b10-2026-global-spec-rank-600km-929196177985451798051783-b.jpg
13244661,https://images.khmer24.co/26-03-03/denza-d9-ev-620km-telegram-0965555881-715185177252155070378943-b.jpg
13712054,https://images.khmer24.co/26-06-30/xpeng-p7-ultra-long-range-820km-515890178279365510492267-b.jpg
13554143,https://images.khmer24.co/26-05-22/zeekr-9x-telegram-0965555881-715185177945421875756270-b.jpg
